-14.97196018,-15.31816948,-15.43852655,-15.49511474,-15.48756994,-15.4623777,-15.49466047,-15.49891763,-15.45346549,-15.46522709,-15.463951,-15.47666179,-15.47251585,-15.46792158,-15.45692084,-15.39769848,-15.43029761,-15.37978917,-15.39977631,-15.4265885,-15.43390017,-15.3716994,,-15.38133314,,-15.37925183,-15.3539168,-15.39568077,-15.38793609,-15.35984817,-15.33992393,-15.34117753,-15.29745308,-15.32231496,-15.29887128,-15.30629904,-15.29363316,-15.27910799,-15.2689347,-15.29125703,-15.31325902,-15.303403,-15.3135893,-15.27208882,-15.28679428,-15.30671575,-15.28242946,-15.32269412,-15.37873873,-15.34218492,-15.35662585,-15.33344004,-15.30856815,-15.31274632,-15.32526647,-15.28775343,-15.29817025,-15.27369578,-15.32267879,-15.28232148,-15.27304248,-15.25723029,-15.27965948,-15.27827393,-15.28942057,-15.26681043,-15.28809489,-15.26284942,-15.23503296,-15.24440446
-14.60723889,-14.97626892,-15.0923643,-15.15627446,-15.12765641,-15.11104461,-15.09698541,-15.14401598,-15.09700427,-15.07597807,-15.09853034,-15.11743517,-15.06411653,-15.09210799,-15.07762898,-15.03888556,-15.03571737,-15.00721242,-15.02435684,-15.04708919,-15.03426026,-14.99392572,-15.01842408,-14.97386147,-15.00309428,-14.98739335,-14.95223219,-14.99805153,-14.97937061,-14.96719682,-14.96251924,-14.93854965,-14.88522258,-14.90340321,-14.8968635,-14.9007547,-14.88112986,-14.86485872,-14.8892855,-14.88301551,-14.87812396,-14.90596241,-14.90382443,-14.86570562,-14.87046984,-14.91024347,-14.8746248,-14.90735859,-14.9784108,-14.92703599,-14.92128909,-14.94072016,-14.90424549,-14.887165,-14.89473741,-14.88661072,-14.86570808,-14.89419896,-14.91517825,-14.85963987,-14.87161792,-14.86161499,-14.90168223,-14.8679518,-14.86868846,-14.82905398,-14.8553824,-14.8290311,-14.82500633,-14.79798429
-13.75185668,-14.20688301,-14.31117917,-14.36318092,-14.35655953,-14.33874574,-14.31944871,-14.35909186,-14.33135831,-14.3159132,-14.30690554,-14.32573607,-14.29556478,-14.30904549,-14.30696721,-14.27285465,-14.25641666,-14.23841302,-14.22420428,-14.2230834,-14.21051278,-14.19035941,,-14.1836674,-14.19684209,-14.18663396,-14.17912599,-14.18069963,-14.16580579,-14.16274413,-14.1407535,-14.11290453,-14.12488674,-14.12785811,-14.10365801,-14.10274539,-14.09712131,-14.07535495,-14.0903769,-14.07831258,-14.08426182,-14.09065541,-14.09031918,-14.07154953,-14.08553801,-14.10571603,-14.09783183,-14.11525418,-14.12576881,-14.12753079,-14.14211098,-14.14084932,-14.14299591,-14.13237482,-14.12982484,-14.10732308,-14.09899011,-14.12551131,-14.14398521,-14.09897518,-14.12304742,-14.10463921,-14.12235565,-14.08743187,-14.09911459,-14.04984532,-14.08682025,-14.06589712,-14.07193501,-14.02278758
-12.68617253,-13.12691581,-13.24925299,-13.29930544,-13.30135749,-13.29109489,-13.28424632,-13.29384213,-13.27741795,-13.26990543,-13.25891344,-13.25871912,-13.25290066,-13.24773813,-13.24165201,-13.21213667,-13.20918008,-13.19503668,-13.18232366,-13.17233959,-13.15109678,-13.12846887,-13.15594972,-13.09487047,-13.11568621,-13.11315843,-13.10295066,-13.11272009,-13.09674578,-13.07571348,-13.06350584,-13.02448433,-13.05151875,-13.06813519,-13.03388072,-13.03797654,-13.01751642,-13.01499915,-12.99876058,-13.00801751,-13.0236937,-13.02037753,-13.01761753,-12.99622346,-13.01080878,-13.03452461,-13.05030946,-13.04320965,-13.04951125,-13.0563555,-13.05675867,-13.06067856,-13.06882339,-13.05971288,-13.05583505,-13.04912501,-13.04810968,-13.05493018,-13.06854045,-13.04787373,-13.05623191,-13.03942427,-13.03257184,-13.04216241,-13.02337863,-13.00748017,-12.9986337,-12.99598283,-12.99981283,-12.97128065
-12.78171355,-13.22204779,-13.31992651,-13.36227199,-13.34703237,-13.31858126,-13.3105569,-13.30274238,-13.28077139,-13.26965964,-13.24314799,-13.2307565,-13.22213712,-13.19356458,-13.17866302,-13.15532054,-13.14467022,-13.14137346,-13.12972187,-13.11379401,-13.11381868,-13.11565541,-13.16121223,-13.20334487,-13.2766855,-13.33900075,-13.40842346,-13.49123938,-13.52381842,-13.51678466,-13.49161405,-13.43472476,-13.41415978,-13.39493711,-13.33064661,-13.29990327,-13.28114159,-13.23682673,-13.22292404,-13.19527134,-13.17648749,-13.16052701,-13.14276784,-13.11540289,-13.11446621,-13.1145895,-13.10416499,-13.10982634,-13.09948704,-13.10194704,-13.08670439,-13.07669057,-13.0526027,-13.04659474,-13.03897495,-13.03826095,-13.0122322,-13.01288906,-13.02540154,-13.02343227,-13.00197582,-13.00457118,-13.00071688,-13.0279616,-13.03323644,-13.05481946,-13.09139353,-13.14141555,-13.19578056,-13.2712563
-12.32262724,-12.77046509,-12.88433142,-12.94006166,-12.93700234,-12.93271789,-12.92837988,-12.92549288,-12.91312566,-12.90868614,-12.8999551,-12.90304555,-12.89580067,-12.8918422,-12.88123302,-12.86675386,-12.83744976,-12.83327232,-12.81135022,-12.80345636,-12.80437549,-12.77247748,,-12.77217332,-12.54649122,-12.79180985,-12.77516892,-12.78241691,-12.76900843,-12.75159828,-12.7372604,-12.70195391,-12.71887682,-12.71798894,-12.70813826,-12.69441873,-12.69226527,-12.68396598,-12.69241988,-12.67973262,-12.67995342,-12.69619642,-12.68894039,-12.66814222,-12.68794551,-12.69281085,-12.699716,-12.70856841,-12.71173555,-12.70831751,-12.73253805,-12.72025159,-12.72156265,-12.71775798,-12.71036783,-12.71501817,-12.71480439,-12.72903552,-12.72462154,-12.71063615,-12.70822789,-12.70428617,-12.71029627,-12.70525721,-12.69119149,-12.68824681,-12.6683189,-12.67727319,-12.67639677,-12.66150059
-11.47707673,-11.9533291,-12.05427499,-12.08792594,-12.08692572,-12.07839446,-12.07821835,-12.08473154,-12.0820065,-12.06148596,-12.06299712,-12.05045437,-12.04605964,-12.03779826,-12.01673848,-12.00749841,-11.99845477,-11.99938492,-11.96714463,-11.95381401,-11.9523047,-11.92917077,-11.93245363,-11.93510567,-11.95417306,-11.96104393,-11.92803137,-11.95705911,-11.9267251,-11.91530681,-11.88464678,-11.87048946,-11.88248219,-11.88566055,-11.87320036,-11.8680827,-11.84687214,-11.82319553,-11.8474664,-11.82544106,-11.86061507,-11.85248483,-11.82616835,-11.80312468,-11.81204088,-11.85291841,-11.85802943,-11.84276285,-11.84345875,-11.85889199,-11.86749962,-11.86988827,-11.85647901,-11.87823626,-11.86008669,-11.85329272,-11.86650766,-11.85691099,-11.88098552,-11.86913146,-11.85096594,-11.82673368,-11.83431691,-11.8655927,-11.83509837,-11.81132454,-11.78819032,-11.79096839,-11.80029485,-11.79046761
-11.88250136,-12.32481114,-12.44305112,-12.48794682,-12.48898928,-12.47179862,-12.47745568,-12.47521416,-12.46532753,-12.47180976,-12.44975828,-12.44145951,-12.45314174,-12.42106727,-12.41885824,-12.38866615,-12.3946764,-12.38215055,-12.36028094,-12.36268622,-12.34022827,-12.30831733,-12.33014384,-12.29595404,-12.3325154,-12.31482649,-12.31478786,-12.31400209,-12.31213199,-12.29870201,-12.28240079,-12.24629189,-12.27142699,-12.26958943,-12.23689749,-12.24270627,-12.23176659,-12.21055775,-12.21656517,-12.21688933,-12.23133561,-12.22601063,-12.22915023,-12.21477349,-12.2180161,-12.24260994,-12.23502821,-12.25468064,-12.27318117,-12.27280647,-12.27431787,-12.2897785,-12.28934357,-12.27633424,-12.26988472,-12.23570706,-12.24666215,-12.24755298,-12.26362616,-12.24625075,-12.24280259,-12.23368311,-12.2329058,-12.23210015,-12.23479259,-12.20551418,-12.2088697,-12.20259099,-12.20979207,-12.19246316
-11.33798204,-11.76303373,-11.88088951,-11.9363654,-11.93512394,-11.92736923,-11.92451375,-11.91991078,-11.89820618,-11.89616316,-11.89415422,-11.88982047,-11.87928488,-11.86624494,-11.85583071,-11.84107094,-11.81263406,-11.80872127,-11.80151444,-11.77340814,-11.77400161,-11.7392513,-11.78768825,-11.76809485,-11.79704281,-11.74459842,-11.74025726,-11.76621837,-11.72007017,-11.70360061,-11.69781992,-11.6810067,-11.68655588,-11.70348756,-11.65410585,-11.69474704,-11.66273239,-11.65788545,-11.6420416,-11.65325363,-11.6746166,-11.66162844,-11.69175688,-11.65630434,-11.64969546,-11.68942295,-11.69292197,-11.68031394,-11.69793356,-11.68967489,-11.70608477,-11.71946875,-11.71348093,-11.68676256,-11.7024243,-11.7019036,-11.6955901,-11.6882541,-11.69520283,-11.66479635,-11.69836529,-11.67818673,-11.69709232,-11.69570398,-11.66811858,-11.65052675,-11.62499127,-11.63577834,-11.64583951,-11.6141696
-10.97074156,-11.49303092,-11.51863756,-11.5600087,-11.55931171,-11.55299265,-11.54506792,-11.54875073,-11.53465739,-11.53621479,-11.49393633,-11.52821933,-11.52337229,-11.51463576,-11.49233077,-11.47304429,-11.4389798,-11.46283369,-11.42012277,-11.3971013,-11.4150915,-11.3925342,-11.40617826,-11.40644584,-11.42685341,-11.41535689,-11.38598059,-11.40457144,-11.38903581,-11.36629497,-11.35138675,-11.31484601,-11.34016449,-11.37465297,-11.30091402,-11.35438481,-11.31290367,-11.31228787,-11.34432742,-11.31494304,-11.3267476,-11.34221641,-11.33371519,-11.31199605,-11.32190621,-11.35693912,-11.3534332,-11.33893147,-11.33493827,-11.37972238,-11.35979779,-11.35438481,-11.34095415,-11.34470508,-11.34618298,-11.32058793,-11.3396588,-11.3515431,-11.34432742,-11.34568009,-11.33795038,-11.33506527,-11.33360394,-11.32911235,-11.31894587,-11.30725115,-11.27021274,-11.27001052,-11.2553164,-11.23130732
-10.71248597,-11.16757659,-11.28397613,-11.33617583,-11.33077098,-11.3135515,-11.30985366,-11.31878475,-11.31878475,-11.25985103,-11.27669758,-11.27525612,-11.25944267,-11.25705749,-11.23847921,-11.22405258,-11.20857595,-11.21458738,-11.17602623,-11.18546779,-11.15404641,-11.1636802,-11.14621691,-11.11030725,-11.12350313,-11.15726718,-11.13897725,-11.16390323,-11.09346464,-11.12122473,-11.08286384,-11.0713898,-11.05294,-11.07126837,-11.08458453,-11.07114693,-11.00302732,-11.05589998,-11.04654031,-11.06448745,-11.03835168,-11.06101975,-11.07623576,-11.03488307,-11.07001284,-11.07583276,-11.05827856,-11.06428377,-11.07450178,-11.0886553,-11.07312876,-11.11735207,-11.08895402,-11.08710063,-11.08446457,-11.08073923,-11.08937209,-11.07429997,-11.10195795,-11.10729636,-11.05516075,-11.08053858,-11.0584424,-11.0438453,-11.0319491,-11.03505049,-11.05302234,-11.04264075,-11.01720168,-10.99541446
-9.494380322,-9.973402034,-10.0446693,-10.08717249,-10.1204245,-10.03124944,-10.05730753,-10.06592453,-10.06141939,-10.0627524,-10.03735087,-10.01166308,-10.05787384,-10.01798206,-10.07942977,-9.986892361,-10.05390348,-9.915941058,-9.951031154,-9.951939435,-9.78466703,-9.900463192,,-9.877979395,-9.967041261,-9.893778779,-9.905212701,-10.02181972,-9.94921231,-9.90402727,-9.900701161,-9.927377336,-9.933743272,-9.924587733,-9.919688614,-9.86833919,-9.996846791,-9.8778579,-9.917054964,-9.92050667,-9.76205925,-9.827117979,-9.960417818,-9.865024712,-9.814697723,-9.903790029,-9.92015615,-9.835362029,-9.902840543,-9.964688393,-9.878586664,-9.903790029,-9.817912436,-9.956017322,-9.899034278,-9.903196698,-9.882344169,-9.912415937,-9.863425236,-9.866007835,-9.822397102,-9.812893318,-9.849297206,-9.812893318,-9.937199933,-9.847799294,-9.786254557,-9.795338065,-9.799133206,-9.849047697
-9.952960343,-10.43703864,-10.55327473,-10.62964284,-10.59924949,-10.58306157,-10.60535931,-10.62489045,-10.56185048,-10.57784534,-10.56437131,-10.51942242,-10.52338534,-10.51935513,-10.56049067,-10.53226598,-10.55046642,-10.51382288,-10.46717904,-10.47126658,-10.3967353,-10.45532304,-10.38727661,-10.39801533,-10.48632054,-10.41444583,-10.41496456,-10.40581347,-10.39703662,-10.39861718,-10.41451995,-10.31532852,-10.32285461,-10.38140879,-10.33072929,-10.32784318,-10.30324288,-10.33048907,-10.33136961,-10.29904687,-10.36400089,-10.36361259,-10.30750453,-10.29615785,-10.36034534,-10.35032695,-10.34029461,-10.38621209,-10.32856543,-10.33544277,-10.31873386,-10.37627708,-10.34985506,-10.28393929,-10.31207537,-10.36314644,-10.38636423,-10.37497114,-10.39951933,-10.41333343,-10.35597367,-10.3806444,-10.34520387,-10.32824449,-10.31994747,-10.38224899,-10.35800556,-10.35979985,-10.27411508,-10.34796545
-10.31028198,-10.76079539,-10.89455136,-10.8861355,-10.94066659,-10.9248477,-10.94939654,-10.90630043,-10.90959382,-10.90620619,-10.85170505,-10.87566852,-10.85501982,-10.85442688,-10.86744633,-10.84648981,-10.80554824,-10.78292737,-10.8052897,-10.7913935,-10.77911981,-10.75447337,-10.74396361,-10.7245853,-10.77933169,-10.74314252,-10.73671656,-10.74669613,-10.74040103,-10.68308209,-10.69121196,-10.67547386,-10.66263447,-10.65511865,-10.67919751,-10.61612335,-10.63685344,-10.64844707,-10.68833598,-10.63079733,-10.68464359,-10.63570538,-10.61790702,-10.64016996,-10.65974083,-10.66080469,-10.67179587,-10.67675531,-10.68342928,-10.64146366,-10.68418115,-10.67652243,-10.65606839,-10.70774401,-10.6662848,-10.638724,-10.72285709,-10.66986431,-10.63754773,-10.66021379,-10.66316512,-10.6140284,-10.66381334,-10.70019331,-10.63878428,-10.66446117,-10.70320853,-10.64653335,-10.64068161,-10.58452016
,,,,,,,,,,,,,,,,,,,,,,,,,,,,,,,,,,,,,,,,,,,,,,,,,,,,,,,,,,,,,,,,,,,,,
avg£º,,,,,,,,,,,,,,,,,,,,,,,,,,,,,,,,,,,,,,,,,,,,,,,,,,,,,,,,,,,,,,,,,,,,,
-11.67089485,-12.13222414,-12.22922123,-12.27431046,-12.27434163,-12.26432997,-12.2619004,-12.26448987,-12.25152311,-12.24711582,-12.23195188,-12.23373456,-12.23095184,-12.21749687,-12.20508204,-12.18448329,-12.17078502,-12.16962542,-12.14627729,-12.13186985,-12.12654457,-12.09954849,-12.12248274,-12.10009417,-12.12525418,-12.10979683,-12.09440155,-12.11091422,-12.08894177,-12.07192358,-12.05595201,-12.02742368,-12.04642966,-12.06030514,-12.01979969,-12.03957947,-12.01435824,-12.00378515,-12.00983224,-12.00370891,-12.02340172,-12.02054357,-12.01968164,-11.99648441,-12.00249349,-12.03528301,-12.03794445,-12.03197971,-12.0398046,-12.05149024,-12.05289174,-12.05883978,-12.05381621,-12.0491502,-12.04688275,-12.03212326,-12.03930568,-12.03983827,-12.05053648,-12.03474647,-12.03726322,-12.02261861,-12.02609816,-12.03293432,-12.01606681,-11.99641936,-11.97817954,-11.97906621,-11.98221113,-11.95993767
-1.110818702,-1.089823645,-1.090705275,-1.087961533,-1.07269074,-1.054251285,-1.0486565,-1.038252514,-1.029248278,-1.022543819,-1.011196115,-0.997021941,-0.991185278,-0.976067709,-0.973580983,-0.970837246,-0.973885196,-0.971748033,-0.983444585,-0.981924155,-0.987274111,-1.016106923,-1.038729494,-1.103250698,-1.151431321,-1.229203923,-1.314021912,-1.380325159,-1.434876648,-1.444861083,-1.435662039,-1.407301082,-1.367730124,-1.334631974,-1.310846925,-1.260323797,-1.266783349,-1.233041577,-1.213091804,-1.191562431,-1.153085774,-1.13998344,-1.123086209,-1.118918487,-1.111972721,-1.079306497,-1.066220533,-1.077846632,-1.059682445,-1.050456792,-1.03381265,-1.017850793,-0.99878649,-0.997444537,-0.992092205,-1.006137685,-0.972926525,-0.973050793,-0.974865059,-0.988685794,-0.964712595,-0.981952572,-0.974618721,-0.995027281,-1.017169629,-1.058400103,-1.11321399,-1.162349339,-1.21356943,-1.311318629
-14.971960179354568,-15.318169475640566,-15.438526552045186,-15.49511474027991,-15.487569940726576,-15.46237769579244,-15.494660471165751,-15.498917629771569,-15.453465487708044,-15.465227094807151,-15.463950995703557,-15.476661790885364,-15.472515851454949,-15.467921576039982,-15.456920839206802,-15.397698476863319,-15.430297605354868,-15.379789174918667,-15.399776307673434,-15.42658849991815,-15.433900167780372,-15.37169939976847,,-15.381333135258487,,-15.379251829900618,-15.353916798180453,-15.395680765770535,-15.387936094270042,-15.359848172582854,-15.339923928660681,-15.341177534741618,-15.297453083229271,-15.322314959091376,-15.298871276087203,-15.306299035718842,-15.293633158459851,-15.279107986979785,-15.26893469515382,-15.29125702503844,-15.313259019511726,-15.303402996227529,-15.313589298304354,-15.272088819836513,-15.286794275401402,-15.306715750727314,-15.282429463080025,-15.3226941172107,-15.378738731091788,-15.34218492411004,-15.356625849779126,-15.333440043488842,-15.308568154652466,-15.312746318944763,-15.325266472893958,-15.287753433256308,-15.298170248783638,-15.273695783837592,-15.322678792109926,-15.282321477978265,-15.273042476370502,-15.257230285787156,-15.279659475139162,-15.278273927207879,-15.289420566940933,-15.266810425959946,-15.28809489221361,-15.262849423785447,-15.235032958816383,-15.244404460274296
-14.607238887334763,-14.976268915726704,-15.092364297355225,-15.156274459548857,-15.127656414797162,-15.111044607337247,-15.09698540688579,-15.144015984553452,-15.097004272892516,-15.075978066913969,-15.098530340229459,-15.117435169666622,-15.064116529381126,-15.092107988869362,-15.077628975491864,-15.038885555334547,-15.035717370405582,-15.007212423015734,-15.024356838502095,-15.047089186660001,-15.034260261571355,-14.993925717703792,-15.018424080429455,-14.973861466892407,-15.003094277691444,-14.987393354881677,-14.952232193531685,-14.99805152765694,-14.979370611265248,-14.967196819160428,-14.962519241984356,-14.938549648754991,-14.88522257901593,-14.90340321365588,-14.896863496332191,-14.900754697059899,-14.88112985699079,-14.86485872211457,-14.889285503882057,-14.883015513760348,-14.8781239556594,-14.905962410767287,-14.90382443186876,-14.865705619247464,-14.87046983780462,-14.910243469603966,-14.87462479999869,-14.907358592966471,-14.978410797173998,-14.927035994450094,-14.921289090389358,-14.940720158874473,-14.904245486730748,-14.887164995198708,-14.894737414303298,-14.886610718011612,-14.86570807662326,-14.894198959129085,-14.915178252239969,-14.85963986943851,-14.871617918305182,-14.861614988458403,-14.901682234658367,-14.867951795592509,-14.868688461772706,-14.829053975510531,-14.855382397794648,-14.829031099525166,-14.82500632939356,-14.797984286075216
-13.75185668396907,-14.206883011046221,-14.311179169214528,-14.363180915612615,-14.35655952571371,-14.33874574445278,-14.319448710858314,-14.359091855058479,-14.331358310969124,-14.31591320498235,-14.306905544651926,-14.325736073811942,-14.295564778803575,-14.309045485469474,-14.306967214236497,-14.27285464785495,-14.256416657456601,-14.238413017275562,-14.224204281727015,-14.223083404252325,-14.210512782880318,-14.190359412236743,,-14.183667398411826,-14.196842092584012,-14.186633961735591,-14.179125991469707,-14.180699634666889,-14.165805791930746,-14.162744129050493,-14.140753501129257,-14.112904527717337,-14.124886744387963,-14.127858113679057,-14.103658008570237,-14.102745385491753,-14.097121311089207,-14.075354951485338,-14.090376902592531,-14.078312580238485,-14.084261820735968,-14.090655412618979,-14.090319184371292,-14.071549527864944,-14.085538009291858,-14.105716032738096,-14.097831834747279,-14.115254184508627,-14.125768807829841,-14.127530787827403,-14.142110984297872,-14.140849322801643,-14.14299590560881,-14.132374818802765,-14.129824838955132,-14.107323084308621,-14.098990112894452,-14.12551130965166,-14.143985206553157,-14.098975175236426,-14.123047416179226,-14.104639214234362,-14.122355645675448,-14.087431870417394,-14.099114585386449,-14.04984532474931,-14.086820252551238,-14.065897118995249,-14.071935010090238,-14.02278758410733
-12.686172530888506,-13.126915809576591,-13.249252988110165,-13.299305436082175,-13.301357489990762,-13.2910948919051,-13.28424632390078,-13.293842128755957,-13.277417954763479,-13.26990543218984,-13.25891343688765,-13.25871912458072,-13.252900661173022,-13.247738133837206,-13.241652008566067,-13.21213667252267,-13.209180075582228,-13.195036680164824,-13.182323656932496,-13.172339591383345,-13.151096781366656,-13.128468867050923,-13.155949720193409,-13.094870468888178,-13.11568620545865,-13.113158426163318,-13.102950659496571,-13.112720090342725,-13.096745775157466,-13.075713478737942,-13.063505837148764,-13.02448432855396,-13.051518752648947,-13.068135189421941,-13.033880716708266,-13.037976538821713,-13.01751642420183,-13.01499915339657,-12.998760584755244,-13.008017513204532,-13.02369370324727,-13.020377532737307,-13.017617532962579,-12.996223459812201,-13.010808776240513,-13.034524611603754,-13.050309462868215,-13.043209648649476,-13.049511247658678,-13.056355495701009,-13.056758670310318,-13.06067855757667,-13.068823392125013,-13.059712879689712,-13.055835049079258,-13.049125014926036,-13.048109680613289,-13.05493017934576,-13.068540445689178,-13.047873725094943,-13.056231912215683,-13.039424271044108,-13.032571836172934,-13.04216240673397,-13.023378632771191,-13.00748016986484,-12.998633697737077,-12.995982829072739,-12.999812832489647,-12.971280652950476
-12.781713547482,-13.222047786483085,-13.31992650798262,-13.362271991220195,-13.347032367200235,-13.318581256873536,-13.310556903581245,-13.302742380942247,-13.28077139050113,-13.269659639401475,-13.24314799251027,-13.230756501038812,-13.222137118537438,-13.193564580689651,-13.178663024381196,-13.155320538428318,-13.144670218649031,-13.141373455380485,-13.129721873678399,-13.113794007376692,-13.113818682638726,-13.115655414302203,-13.161212234202306,-13.20334487173193,-13.276685496795455,-13.339000754647824,-13.408423460151862,-13.491239380493916,-13.523818417530599,-13.51678465873105,-13.491614053221808,-13.43472475997104,-13.414159783490367,-13.39493711491492,-13.330646612449407,-13.299903269811091,-13.281141593353922,-13.236826726210829,-13.222924039639478,-13.195271344219798,-13.176487491025139,-13.160527007223497,-13.142767844595447,-13.115402893875753,-13.114466207778827,-13.114589502128274,-13.104164986854379,-13.109826342010688,-13.099487044765352,-13.101947036413632,-13.086704394624448,-13.076690569543262,-13.052602699778145,-13.046594740795946,-13.038974953491483,-13.038260949093086,-13.012232203857298,-13.01288906231217,-13.025401536273506,-13.023432268245648,-13.001975817952864,-13.004571182770112,-13.00071688216736,-13.027961597585643,-13.033236439724874,-13.054819460050375,-13.091393534743288,-13.141415553680439,-13.195780562447819,-13.271256298799166
-12.322627242120808,-12.770465086426068,-12.884331422930948,-12.94006165532307,-12.93700234291868,-12.932717890873741,-12.92837987714137,-12.925492883271136,-12.913125657812026,-12.908686138092634,-12.899955102519012,-12.90304554922754,-12.895800667419941,-12.891842202574164,-12.881233024123851,-12.866753864929985,-12.837449763950264,-12.833272317198311,-12.811350221283405,-12.803456362369205,-12.804375490290138,-12.772477478980287,,-12.772173322790579,-12.546491221229147,-12.791809846850384,-12.775168924610742,-12.782416907224638,-12.769008426972784,-12.751598277254303,-12.737260397475714,-12.701953911007886,-12.718876815776692,-12.717988942149292,-12.708138256413399,-12.694418725955142,-12.692265270982332,-12.683965981841979,-12.692419880494796,-12.67973262137726,-12.679953421012936,-12.696196421210875,-12.688940391697196,-12.668142223095376,-12.687945505001139,-12.692810853368508,-12.699716004491792,-12.708568410666299,-12.71173554611098,-12.708317508063498,-12.732538048821214,-12.720251586606647,-12.721562648401544,-12.717757976026745,-12.71036783288612,-12.715018170787147,-12.714804388829805,-12.729035515186116,-12.724621535433894,-12.710636147778073,-12.708227885937685,-12.70428616575223,-12.710296271048184,-12.705257210817734,-12.691191491856632,-12.688246805462281,-12.668318902405717,-12.677273192172688,-12.676396768859853,-12.66150058702837
-11.477076732922917,-11.95332910288724,-12.054274993245942,-12.087925936766023,-12.086925719095325,-12.078394463605168,-12.078218349377703,-12.084731540973157,-12.082006502063463,-12.061485961774189,-12.062997122356107,-12.050454370612256,-12.046059637730197,-12.037798264606556,-12.016738481779525,-12.007498407529262,-11.998454772158365,-11.999384916029713,-11.96714463457238,-11.953814011008483,-11.952304696212092,-11.929170766279862,-11.93245362586241,-11.935105667605344,-11.954173062635407,-11.961043927731236,-11.928031367991561,-11.957059111190226,-11.926725102817722,-11.91530681201006,-11.88464678480206,-11.870489455488908,-11.882482188576349,-11.88566055310037,-11.873200360370827,-11.86808270269535,-11.846872142500551,-11.823195525017328,-11.84746640436324,-11.825441060408702,-11.860615074574536,-11.852484828962215,-11.826168345912542,-11.803124683472824,-11.81204088171722,-11.852918406076846,-11.858029427487104,-11.842762846661598,-11.843458748586599,-11.85889199421255,-11.867499621407076,-11.869888267266823,-11.856479006324808,-11.878236260559582,-11.860086692925,-11.853292719751753,-11.866507664001876,-11.856910991654495,-11.880985521013407,-11.869131460559109,-11.850965944095329,-11.826733675794829,-11.834316913498707,-11.865592704036953,-11.835098371892807,-11.811324541603081,-11.788190317612209,-11.790968393469347,-11.800294850142535,-11.790467611877
-11.8825013632336,-12.324811141779225,-12.443051116588464,-12.487946815619376,-12.488989278715747,-12.471798616855391,-12.47745567643091,-12.475214161455444,-12.46532753325,-12.47180975986858,-12.449758282904739,-12.441459505497113,-12.453141737900244,-12.42106726735151,-12.418858240740532,-12.388666146650104,-12.394676402799067,-12.382150551543226,-12.36028094247245,-12.362686221196826,-12.340228265871026,-12.308317327256876,-12.330143838806277,-12.295954041358396,-12.332515398129665,-12.314826494671179,-12.314787864849555,-12.314002093564936,-12.312131990889092,-12.298702013261117,-12.28240078510779,-12.246291894924559,-12.271426992428363,-12.269589432336234,-12.23689748592973,-12.242706268851489,-12.231766594514164,-12.210557749887098,-12.21656517148734,-12.216889332853139,-12.231335606124592,-12.226010625876206,-12.229150227291157,-12.214773492258447,-12.218016097472027,-12.242609939393162,-12.235028212231686,-12.2546806420592,-12.273181171541513,-12.272806470568602,-12.274317865151325,-12.28977849929243,-12.289343574823217,-12.276334237737363,-12.269884724667202,-12.235707061474905,-12.246662146805667,-12.247552976407079,-12.263626163603378,-12.246250748031668,-12.242802589763963,-12.233683114745444,-12.23290580421024,-12.232100145487246,-12.234792593898556,-12.205514181705459,-12.208869698170108,-12.202590991901925,-12.209792068469783,-12.192463156916219
-11.337982037636742,-11.76303373469161,-11.880889510383753,-11.936365402537243,-11.935123935075202,-11.9273692327646,-11.924513751624364,-11.91991077853565,-11.898206183593757,-11.89616315641869,-11.894154217888122,-11.889820467019746,-11.879284876796001,-11.866244935271236,-11.85583070589287,-11.841070939828352,-11.812634062842516,-11.808721274239813,-11.801514441815302,-11.773408141023289,-11.774001613243692,-11.739251299427929,-11.787688252731405,-11.768094853764703,-11.797042807148681,-11.744598420545909,-11.74025725876147,-11.766218372239836,-11.720070170935092,-11.70360060852765,-11.697819915833538,-11.68100670275998,-11.686555877157303,-11.703487556933428,-11.654105851431433,-11.694747043256623,-11.662732390917647,-11.657885451278965,-11.642041595110422,-11.653253625167304,-11.674616595978446,-11.661628439419633,-11.691756881425874,-11.656304344775288,-11.649695464400153,-11.689422948116482,-11.692921969361157,-11.680313944938554,-11.697933559079308,-11.689674888297393,-11.70608477007318,-11.719468747571947,-11.713480929064232,-11.6867625593886,-11.702424296164741,-11.701903597369158,-11.695590103488824,-11.688254097349901,-11.69520283277877,-11.664796350452583,-11.698365294963743,-11.678186727211903,-11.697092317252304,-11.695703980355061,-11.668118579025194,-11.650526745510172,-11.624991268665104,-11.63577833802318,-11.645839508025194,-11.614169603954403
-10.970741564129758,-11.493030920548541,-11.518637558036671,-11.560008700828906,-11.559311714927142,-11.552992652295533,-11.545067915882983,-11.548750727426647,-11.534657387283296,-11.536214793336185,-11.493936329527841,-11.528219333311043,-11.523372288632576,-11.514635755272263,-11.492330768836661,-11.473044294800232,-11.43897980092573,-11.462833688332505,-11.420122768253176,-11.397101296058349,-11.415091503311421,-11.39253419639137,-11.406178262443671,-11.406445835271677,-11.426853406138138,-11.415356888786672,-11.385980588742623,-11.404571439220753,-11.389035807215588,-11.366294967385628,-11.351386747051622,-11.31484601018359,-11.340164486280015,-11.374652971179858,-11.300914021820365,-11.354384812457068,-11.312903668740512,-11.312287868849666,-11.34432742102905,-11.314943036102669,-11.326747604612361,-11.342216411042386,-11.333715192517793,-11.311996052215552,-11.321906213776519,-11.356939120586562,-11.35343319906966,-11.338931467438776,-11.33493827102302,-11.37972237565819,-11.359797794633339,-11.354384812457068,-11.340954147103483,-11.344705079355045,-11.346182977598605,-11.32058792874316,-11.339658801781132,-11.351543100820525,-11.34432742102905,-11.34568008912053,-11.337950375673724,-11.335065265140338,-11.333603935212066,-11.329112347693158,-11.318945873763482,-11.307251148653956,-11.270212742744846,-11.270010519573324,-11.25531640175862,-11.23130732105653
-10.712485966807485,-11.167576588664618,-11.283976134087812,-11.336175830508344,-11.33077098318854,-11.313551502051155,-11.309853663649282,-11.31878475422904,-11.31878475422904,-11.259851034902223,-11.276697577580526,-11.275256119542576,-11.259442671491763,-11.257057485548412,-11.238479208167346,-11.224052580644928,-11.208575951585393,-11.214587381708052,-11.176026227439825,-11.185467789543626,-11.154046409885039,-11.163680202183743,-11.146216909495516,-11.110307248532298,-11.123503132490553,-11.15726718123067,-11.138977251499506,-11.16390322992353,-11.093464639915968,-11.121224728777715,-11.08286384250085,-11.071389800629188,-11.052940004630232,-11.071268373999887,-11.084584534164952,-11.07114693378895,-11.003027316015777,-11.05589998400018,-11.046540308892043,-11.064487449316733,-11.038351681331013,-11.061019748493653,-11.076235763615896,-11.034883072888537,-11.070012836329525,-11.075832758450082,-11.05827855718476,-11.064283773212669,-11.074501779076616,-11.088655301399552,-11.073128758326733,-11.117352074490887,-11.088954020998488,-11.087100633243933,-11.084464574359497,-11.080739231110034,-11.08937209041094,-11.074299973123589,-11.101957953398337,-11.107296363424604,-11.0551607453407,-11.08053858129616,-11.05844240479765,-11.043845298503319,-11.031949102050742,-11.035050489134157,-11.05302233533774,-11.042640747797776,-11.017201675122813,-10.995414457765902
-9.494380321626776,-9.973402034440618,-10.044669297408763,-10.087172490902827,-10.120424496915044,-10.031249443845773,-10.057307529697345,-10.065924528934296,-10.061419392990095,-10.062752402617035,-10.03735087448234,-10.011663083119693,-10.057873835134796,-10.017982058892603,-10.079429768785005,-9.98689236146907,-10.053903480093387,-9.915941057722307,-9.95103115401723,-9.951939434906553,-9.784667029740598,-9.900463191511527,,-9.877979394836766,-9.96704126146384,-9.8937787786362,-9.9052127012934,-10.021819716630961,-9.949212309567564,-9.904027270228202,-9.900701161091606,-9.927377335863559,-9.933743271830158,-9.924587732689494,-9.919688613870083,-9.86833918987185,-9.996846790639545,-9.877857900268882,-9.91705496412906,-9.920506670357124,-9.76205924950236,-9.827117979206243,-9.960417817867471,-9.865024711914412,-9.814697723253753,-9.903790028622373,-9.920156150191122,-9.835362029481193,-9.902840543468063,-9.964688393270984,-9.878586663830033,-9.903790028622373,-9.817912435748426,-9.956017322159488,-9.89903427767761,-9.903196697712607,-9.882344169377452,-9.912415937077746,-9.863425236225758,-9.866007834747636,-9.822397102202075,-9.812893317939746,-9.84929720588526,-9.812893317939746,-9.937199932517327,-9.847799294121218,-9.786254557068284,-9.795338065415898,-9.799133205775911,-9.849047697391745
-9.952960343495885,-10.437038641205456,-10.553274725742323,-10.629642843178539,-10.599249491716652,-10.58306156576192,-10.605359306752707,-10.6248904548967,-10.56185047515136,-10.5778453400743,-10.56437131045466,-10.51942242434981,-10.523385337350401,-10.519355131517363,-10.5604906741506,-10.532265981875755,-10.55046641975819,-10.513822877654501,-10.467179035911338,-10.471266584545285,-10.396735295444653,-10.455323035132496,-10.387276614471308,-10.398015334115813,-10.486320542209718,-10.4144458282341,-10.414964556936134,-10.405813472976693,-10.397036616810567,-10.398617183468675,-10.414519947509465,-10.31532851815496,-10.322854614480715,-10.381408785641348,-10.330729289917006,-10.327843184446516,-10.303242882062364,-10.33048907393356,-10.331369606163953,-10.299046874381437,-10.364000894130621,-10.363612590344513,-10.30750453326506,-10.296157849438414,-10.36034534415897,-10.350326945927836,-10.340294607241189,-10.38621209258012,-10.328565430368625,-10.335442768941917,-10.318733861891955,-10.376277082269919,-10.34985505767495,-10.28393929200142,-10.312075373534649,-10.363146442414022,-10.386364231052275,-10.374971141228691,-10.399519332423576,-10.413333431492457,-10.35597366529709,-10.38064439796914,-10.345203866239366,-10.328244491494056,-10.319947472292272,-10.382248990984369,-10.358005562623994,-10.359799845964591,-10.274115077727433,-10.347965451040322
-10.310281980491961,-10.76079538622514,-10.89455135984591,-10.886135499333314,-10.940666589675255,-10.924847697573096,-10.949396539606752,-10.906300430721991,-10.90959382209035,-10.906206186877936,-10.851705048114761,-10.875668515119797,-10.855019822543348,-10.854426875072319,-10.86744633442329,-10.846489808942078,-10.805548236834799,-10.782927370162493,-10.805289697434898,-10.791393499944421,-10.7791198066313,-10.754473366921797,-10.743963613243366,-10.724585303712576,-10.779331688605874,-10.743142516475231,-10.736716560698607,-10.746696126400469,-10.740401033843145,-10.683082085107614,-10.69121195527346,-10.675473856760453,-10.662634471260038,-10.655118648153563,-10.67919751493606,-10.616123345667612,-10.636853440228842,-10.64844707095741,-10.688335983564418,-10.630797332354135,-10.684643588427793,-10.635705376127078,-10.617907022598327,-10.640169956720698,-10.659740826511525,-10.660804694407515,-10.671795865293234,-10.676755305219546,-10.683429279974323,-10.641463664024567,-10.684181154856514,-10.676522427057947,-10.656068392857724,-10.707744013593064,-10.6662847997728,-10.63872399518884,-10.722857089830832,-10.669864314350795,-10.637547731841002,-10.660213785388489,-10.663165119718442,-10.61402839972727,-10.663813338047685,-10.700193306529863,-10.638784282048835,-10.6644611696013,-10.703208531232416,-10.646533352006859,-10.640681606662415,-10.584520164311328
